01. Ano,02. Nome Região (Portugal),03. Filtro 1,04. Filtro 2,05. Filtro 3,06. Escala,07. Símbolo,08. Valor
1960,Portugal,"Acessórios para o lar, equipamento doméstico e manutenção corrente da habitação",,,,,1.93
1960,Portugal,Bebidas alcoólicas e tabaco,,,,,0.12
1960,Portugal,Bens e serviços diversos,,,,,5.70
1960,Portugal,Comunicações,,,,,0.00
1960,Portugal,Educação,,,,,-0.11
1960,Portugal,"Habitação, água, eletricidade, gás e outros combustíveis",,,,,3.38
1960,Portugal,"Lazer, recreação e cultura",,,,,-0.83
1960,Portugal,Produtos alimentares e bebidas não alcoólicas,,,,,3.22
1960,Portugal,Restaurantes e hotéis,,,,,2.50
1960,Portugal,Saúde,,,,,0.98
1960,Portugal,Total,,,,,2.57
1960,Portugal,Transportes,,,,,1.52
1960,Portugal,Vestuário e calçado,,,,,1.45
1961,Portugal,"Acessórios para o lar, equipamento doméstico e manutenção corrente da habitação",,,,,2.55
1961,Portugal,Bebidas alcoólicas e tabaco,,,,,1.09
1961,Portugal,Bens e serviços diversos,,,,,6.30
1961,Portugal,Comunicações,,,,,0.00
1961,Portugal,Educação,,,,,-0.33
1961,Portugal,"Habitação, água, eletricidade, gás e outros combustíveis",,,,,4.58
1961,Portugal,"Lazer, recreação e cultura",,,,,-0.53
1961,Portugal,Produtos alimentares e bebidas não alcoólicas,,,,,-1.55
1961,Portugal,Restaurantes e hotéis,,,,,4.76
1961,Portugal,Saúde,,,,,-0.15
1961,Portugal,Total,,,,,0.50
1961,Portugal,Transportes,,,,,1.19
1961,Portugal,Vestuário e calçado,,,,,1.07
1962,Portugal,"Acessórios para o lar, equipamento doméstico e manutenção corrente da habitação",,,,,4.01
1962,Portugal,Bebidas alcoólicas e tabaco,,,,,5.88
1962,Portugal,Bens e serviços diversos,,,,,-2.72
1962,Portugal,Comunicações,,,,,0.00
1962,Portugal,Educação,,,,,0.03
1962,Portugal,"Habitação, água, eletricidade, gás e outros combustíveis",,,,,1.87
1962,Portugal,"Lazer, recreação e cultura",,,,,0.03
1962,Portugal,Produtos alimentares e bebidas não alcoólicas,,,,,2.72
1962,Portugal,Restaurantes e hotéis,,,,,2.05
1962,Portugal,Saúde,,,,,4.32
1962,Portugal,Total,,,,,2.43
1962,Portugal,Transportes,,,,,4.57
1962,Portugal,Vestuário e calçado,,,,,-0.67
1963,Portugal,"Acessórios para o lar, equipamento doméstico e manutenção corrente da habitação",,,,,2.43
1963,Portugal,Bebidas alcoólicas e tabaco,,,,,-2.35
1963,Portugal,Bens e serviços diversos,,,,,0.08
1963,Portugal,Comunicações,,,,,0.00
1963,Portugal,Educação,,,,,0.08
1963,Portugal,"Habitação, água, eletricidade, gás e outros combustíveis",,,,,-0.37
1963,Portugal,"Lazer, recreação e cultura",,,,,0.86
1963,Portugal,Produtos alimentares e bebidas não alcoólicas,,,,,3.40
1963,Portugal,Restaurantes e hotéis,,,,,1.69
1963,Portugal,Saúde,,,,,0.61
1963,Portugal,Total,,,,,1.73
1963,Portugal,Transportes,,,,,3.78
1963,Portugal,Vestuário e calçado,,,,,-0.26
1964,Portugal,"Acessórios para o lar, equipamento doméstico e manutenção corrente da habitação",,,,,3.02
1964,Portugal,Bebidas alcoólicas e tabaco,,,,,-1.19
1964,Portugal,Bens e serviços diversos,,,,,5.58
1964,Portugal,Comunicações,,,,,0.00
1964,Portugal,Educação,,,,,0.25
1964,Portugal,"Habitação, água, eletricidade, gás e outros combustíveis",,,,,3.82
1964,Portugal,"Lazer, recreação e cultura",,,,,0.57
1964,Portugal,Produtos alimentares e bebidas não alcoólicas,,,,,4.26
1964,Portugal,Restaurantes e hotéis,,,,,3.59
1964,Portugal,Saúde,,,,,-0.20
1964,Portugal,Total,,,,,3.11
1964,Portugal,Transportes,,,,,0.77
1964,Portugal,Vestuário e calçado,,,,,0.48
1965,Portugal,"Acessórios para o lar, equipamento doméstico e manutenção corrente da habitação",,,,,6.06
1965,Portugal,Bebidas alcoólicas e tabaco,,,,,1.81
1965,Portugal,Bens e serviços diversos,,,,,6.58
1965,Portugal,Comunicações,,,,,33.76
1965,Portugal,Educação,,,,,0.59
1965,Portugal,"Habitação, água, eletricidade, gás e outros combustíveis",,,,,5.91
1965,Portugal,"Lazer, recreação e cultura",,,,,1.96
1965,Portugal,Produtos alimentares e bebidas não alcoólicas,,,,,5.64
1965,Portugal,Restaurantes e hotéis,,,,,3.66
1965,Portugal,Saúde,,,,,2.35
1965,Portugal,Total,,,,,4.75
1965,Portugal,Transportes,,,,,0.01
1965,Portugal,Vestuário e calçado,,,,,0.61
1966,Portugal,"Acessórios para o lar, equipamento doméstico e manutenção corrente da habitação",,,,,8.74
1966,Portugal,Bebidas alcoólicas e tabaco,,,,,0.78
1966,Portugal,Bens e serviços diversos,,,,,2.84
1966,Portugal,Comunicações,,,,,0.00
1966,Portugal,Educação,,,,,0.13
1966,Portugal,"Habitação, água, eletricidade, gás e outros combustíveis",,,,,7.37
1966,Portugal,"Lazer, recreação e cultura",,,,,1.84
1966,Portugal,Produtos alimentares e bebidas não alcoólicas,,,,,8.60
1966,Portugal,Restaurantes e hotéis,,,,,7.59
1966,Portugal,Saúde,,,,,2.95
1966,Portugal,Total,,,,,6.59
1966,Portugal,Transportes,,,,,0.07
1966,Portugal,Vestuário e calçado,,,,,1.76
1967,Portugal,"Acessórios para o lar, equipamento doméstico e manutenção corrente da habitação",,,,,10.29
1967,Portugal,Bebidas alcoólicas e tabaco,,,,,8.90
1967,Portugal,Bens e serviços diversos,,,,,10.43
1967,Portugal,Comunicações,,,,,0.00
1967,Portugal,Educação,,,,,3.10
1967,Portugal,"Habitação, água, eletricidade, gás e outros combustíveis",,,,,13.24
1967,Portugal,"Lazer, recreação e cultura",,,,,4.66
1967,Portugal,Produtos alimentares e bebidas não alcoólicas,,,,,0.03
1967,Portugal,Restaurantes e hotéis,,,,,7.05
1967,Portugal,Saúde,,,,,4.27
1967,Portugal,Total,,,,,4.50
1967,Portugal,Transportes,,,,,3.55
1967,Portugal,Vestuário e calçado,,,,,6.07
1968,Portugal,"Acessórios para o lar, equipamento doméstico e manutenção corrente da habitação",,,,,9.16
1968,Portugal,Bebidas alcoólicas e tabaco,,,,,9.57
1968,Portugal,Bens e serviços diversos,,,,,5.04
1968,Portugal,Comunicações,,,,,0.00
1968,Portugal,Educação,,,,,8.03
1968,Portugal,"Habitação, água, eletricidade, gás e outros combustíveis",,,,,10.10
1968,Portugal,"Lazer, recreação e cultura",,,,,10.16
1968,Portugal,Produtos alimentares e bebidas não alcoólicas,,,,,3.40
1968,Portugal,Restaurantes e hotéis,,,,,13.57
1968,Portugal,Saúde,,,,,9.74
1968,Portugal,Total,,,,,5.79
1968,Portugal,Transportes,,,,,3.98
1968,Portugal,Vestuário e calçado,,,,,2.02
1969,Portugal,"Acessórios para o lar, equipamento doméstico e manutenção corrente da habitação",,,,,9.83
1969,Portugal,Bebidas alcoólicas e tabaco,,,,,6.74
1969,Portugal,Bens e serviços diversos,,,,,1.08
1969,Portugal,Comunicações,,,,,0.00
1969,Portugal,Educação,,,,,4.32
1969,Portugal,"Habitação, água, eletricidade, gás e outros combustíveis",,,,,12.50
1969,Portugal,"Lazer, recreação e cultura",,,,,6.92
1969,Portugal,Produtos alimentares e bebidas não alcoólicas,,,,,8.98
1969,Portugal,Restaurantes e hotéis,,,,,5.36
1969,Portugal,Saúde,,,,,4.90
1969,Portugal,Total,,,,,8.59
1969,Portugal,Transportes,,,,,6.83
1969,Portugal,Vestuário e calçado,,,,,1.90
1970,Portugal,"Acessórios para o lar, equipamento doméstico e manutenção corrente da habitação",,,,,10.61
1970,Portugal,Bebidas alcoólicas e tabaco,,,,,12.45
1970,Portugal,Bens e serviços diversos,,,,,9.94
1970,Portugal,Comunicações,,,,,0.00
1970,Portugal,Educação,,,,,9.75
1970,Portugal,"Habitação, água, eletricidade, gás e outros combustíveis",,,,,4.00
1970,Portugal,"Lazer, recreação e cultura",,,,,15.96
1970,Portugal,Produtos alimentares e bebidas não alcoólicas,,,,,1.74
1970,Portugal,Restaurantes e hotéis,,,,,7.57
1970,Portugal,Saúde,,,,,7.15
1970,Portugal,Total,,,,,4.34
1970,Portugal,Transportes,,,,,6.68
1970,Portugal,Vestuário e calçado,,,,,3.08
1971,Portugal,"Acessórios para o lar, equipamento doméstico e manutenção corrente da habitação",,,,,12.16
1971,Portugal,Bebidas alcoólicas e tabaco,,,,,3.59
1971,Portugal,Bens e serviços diversos,,,,,10.06
1971,Portugal,Comunicações,,,,,0.01
1971,Portugal,Educação,,,,,1.14
1971,Portugal,"Habitação, água, eletricidade, gás e outros combustíveis",,,,,23.42
1971,Portugal,"Lazer, recreação e cultura",,,,,0.31
1971,Portugal,Produtos alimentares e bebidas não alcoólicas,,,,,8.74
1971,Portugal,Restaurantes e hotéis,,,,,8.86
1971,Portugal,Saúde,,,,,9.74
1971,Portugal,Total,,,,,10.97
1971,Portugal,Transportes,,,,,0.08
1971,Portugal,Vestuário e calçado,,,,,6.33
1972,Portugal,"Acessórios para o lar, equipamento doméstico e manutenção corrente da habitação",,,,,14.33
1972,Portugal,Bebidas alcoólicas e tabaco,,,,,5.32
1972,Portugal,Bens e serviços diversos,,,,,3.62
1972,Portugal,Comunicações,,,,,0.00
1972,Portugal,Educação,,,,,-3.79
1972,Portugal,"Habitação, água, eletricidade, gás e outros combustíveis",,,,,18.45
1972,Portugal,"Lazer, recreação e cultura",,,,,2.37
1972,Portugal,Produtos alimentares e bebidas não alcoólicas,,,,,10.15
1972,Portugal,Restaurantes e hotéis,,,,,15.63
1972,Portugal,Saúde,,,,,5.60
1972,Portugal,Total,,,,,11.13
1972,Portugal,Transportes,,,,,1.27
1972,Portugal,Vestuário e calçado,,,,,7.73
1973,Portugal,"Acessórios para o lar, equipamento doméstico e manutenção corrente da habitação",,,,,15.14
1973,Portugal,Bebidas alcoólicas e tabaco,,,,,15.61
1973,Portugal,Bens e serviços diversos,,,,,10.91
1973,Portugal,Comunicações,,,,,0.00
1973,Portugal,Educação,,,,,-17.43
1973,Portugal,"Habitação, água, eletricidade, gás e outros combustíveis",,,,,21.19
1973,Portugal,"Lazer, recreação e cultura",,,,,8.13
1973,Portugal,Produtos alimentares e bebidas não alcoólicas,,,,,8.33
1973,Portugal,Restaurantes e hotéis,,,,,12.85
1973,Portugal,Saúde,,,,,6.79
1973,Portugal,Total,,,,,13.05
1973,Portugal,Transportes,,,,,25.78
1973,Portugal,Vestuário e calçado,,,,,16.53
1974,Portugal,"Acessórios para o lar, equipamento doméstico e manutenção corrente da habitação",,,,,18.85
1974,Portugal,Bebidas alcoólicas e tabaco,,,,,19.87
1974,Portugal,Bens e serviços diversos,,,,,25.06
1974,Portugal,Comunicações,,,,,49.81
1974,Portugal,Educação,,,,,3.60
1974,Portugal,"Habitação, água, eletricidade, gás e outros combustíveis",,,,,19.56
1974,Portugal,"Lazer, recreação e cultura",,,,,32.73
1974,Portugal,Produtos alimentares e bebidas não alcoólicas,,,,,33.15
1974,Portugal,Restaurantes e hotéis,,,,,29.46
1974,Portugal,Saúde,,,,,21.86
1974,Portugal,Total,,,,,26.19
1974,Portugal,Transportes,,,,,16.11
1974,Portugal,Vestuário e calçado,,,,,23.96
1975,Portugal,"Acessórios para o lar, equipamento doméstico e manutenção corrente da habitação",,,,,17.51
1975,Portugal,Bebidas alcoólicas e tabaco,,,,,16.41
1975,Portugal,Bens e serviços diversos,,,,,17.82
1975,Portugal,Comunicações,,,,,40.31
1975,Portugal,Educação,,,,,7.35
1975,Portugal,"Habitação, água, eletricidade, gás e outros combustíveis",,,,,7.29
1975,Portugal,"Lazer, recreação e cultura",,,,,39.17
1975,Portugal,Produtos alimentares e bebidas não alcoólicas,,,,,23.31
1975,Portugal,Restaurantes e hotéis,,,,,21.97
1975,Portugal,Saúde,,,,,8.15
1975,Portugal,Total,,,,,17.25
1975,Portugal,Transportes,,,,,16.32
1975,Portugal,Vestuário e calçado,,,,,7.21
1976,Portugal,"Acessórios para o lar, equipamento doméstico e manutenção corrente da habitação",,,,,4.13
1976,Portugal,Bebidas alcoólicas e tabaco,,,,,12.02
1976,Portugal,Bens e serviços diversos,,,,,6.87
1976,Portugal,Comunicações,,,,,31.50
1976,Portugal,Educação,,,,,0.00
1976,Portugal,"Habitação, água, eletricidade, gás e outros combustíveis",,,,,25.79
1976,Portugal,"Lazer, recreação e cultura",,,,,11.46
1976,Portugal,Produtos alimentares e bebidas não alcoólicas,,,,,21.61
1976,Portugal,Restaurantes e hotéis,,,,,24.09
1976,Portugal,Saúde,,,,,21.26
1976,Portugal,Total,,,,,19.90
1976,Portugal,Transportes,,,,,34.70
1976,Portugal,Vestuário e calçado,,,,,9.13
1977,Portugal,"Acessórios para o lar, equipamento doméstico e manutenção corrente da habitação",,,,,21.42
1977,Portugal,Bebidas alcoólicas e tabaco,,,,,12.69
1977,Portugal,Bens e serviços diversos,,,,,19.58
1977,Portugal,Comunicações,,,,,29.26
1977,Portugal,Educação,,,,,4.67
1977,Portugal,"Habitação, água, eletricidade, gás e outros combustíveis",,,,,15.19
1977,Portugal,"Lazer, recreação e cultura",,,,,28.12
1977,Portugal,Produtos alimentares e bebidas não alcoólicas,,,,,35.81
1977,Portugal,Restaurantes e hotéis,,,,,20.44
1977,Portugal,Saúde,,,,,25.52
1977,Portugal,Total,,,,,26.73
1977,Portugal,Transportes,,,,,39.67
1977,Portugal,Vestuário e calçado,,,,,12.93
1978,Portugal,"Acessórios para o lar, equipamento doméstico e manutenção corrente da habitação",,,,,19.58
1978,Portugal,Bebidas alcoólicas e tabaco,,,,,65.69
1978,Portugal,Bens e serviços diversos,,,,,41.89
1978,Portugal,Comunicações,,,,,37.88
1978,Portugal,Educação,,,,,17.20
1978,Portugal,"Habitação, água, eletricidade, gás e outros combustíveis",,,,,13.29
1978,Portugal,"Lazer, recreação e cultura",,,,,13.86
1978,Portugal,Produtos alimentares e bebidas não alcoólicas,,,,,18.71
1978,Portugal,Restaurantes e hotéis,,,,,26.70
1978,Portugal,Saúde,,,,,17.83
1978,Portugal,Total,,,,,20.86
1978,Portugal,Transportes,,,,,19.47
1978,Portugal,Vestuário e calçado,,,,,17.66
1979,Portugal,"Acessórios para o lar, equipamento doméstico e manutenção corrente da habitação",,,,,9.25
1979,Portugal,Bebidas alcoólicas e tabaco,,,,,33.17
1979,Portugal,Bens e serviços diversos,,,,,19.67
1979,Portugal,Comunicações,,,,,27.72
1979,Portugal,Educação,,,,,11.05
1979,Portugal,"Habitação, água, eletricidade, gás e outros combustíveis",,,,,9.76
1979,Portugal,"Lazer, recreação e cultura",,,,,18.87
1979,Portugal,Produtos alimentares e bebidas não alcoólicas,,,,,26.93
1979,Portugal,Restaurantes e hotéis,,,,,23.42
1979,Portugal,Saúde,,,,,9.23
1979,Portugal,Total,,,,,21.72
1979,Portugal,Transportes,,,,,18.51
1979,Portugal,Vestuário e calçado,,,,,24.08
1980,Portugal,"Acessórios para o lar, equipamento doméstico e manutenção corrente da habitação",,,,,23.34
1980,Portugal,Bebidas alcoólicas e tabaco,,,,,-18.41
1980,Portugal,Bens e serviços diversos,,,,,23.18
1980,Portugal,Comunicações,,,,,12.50
1980,Portugal,Educação,,,,,9.82
1980,Portugal,"Habitação, água, eletricidade, gás e outros combustíveis",,,,,14.03
1980,Portugal,"Lazer, recreação e cultura",,,,,19.86
1980,Portugal,Produtos alimentares e bebidas não alcoólicas,,,,,15.82
1980,Portugal,Restaurantes e hotéis,,,,,15.86
1980,Portugal,Saúde,,,,,10.10
1980,Portugal,Total,,,,,16.05
1980,Portugal,Transportes,,,,,26.97
1980,Portugal,Vestuário e calçado,,,,,33.43
1981,Portugal,"Acessórios para o lar, equipamento doméstico e manutenção corrente da habitação",,,,,19.48
1981,Portugal,Bebidas alcoólicas e tabaco,,,,,19.19
1981,Portugal,Bens e serviços diversos,,,,,21.01
1981,Portugal,Comunicações,,,,,30.24
1981,Portugal,Educação,,,,,14.00
1981,Portugal,"Habitação, água, eletricidade, gás e outros combustíveis",,,,,12.79
1981,Portugal,"Lazer, recreação e cultura",,,,,15.67
1981,Portugal,Produtos alimentares e bebidas não alcoólicas,,,,,19.48
1981,Portugal,Restaurantes e hotéis,,,,,19.84
1981,Portugal,Saúde,,,,,12.62
1981,Portugal,Total,,,,,19.21
1981,Portugal,Transportes,,,,,24.90
1981,Portugal,Vestuário e calçado,,,,,22.21
1982,Portugal,"Acessórios para o lar, equipamento doméstico e manutenção corrente da habitação",,,,,17.97
1982,Portugal,Bebidas alcoólicas e tabaco,,,,,22.56
1982,Portugal,Bens e serviços diversos,,,,,16.71
1982,Portugal,Comunicações,,,,,0.70
1982,Portugal,Educação,,,,,19.56
1982,Portugal,"Habitação, água, eletricidade, gás e outros combustíveis",,,,,13.37
1982,Portugal,"Lazer, recreação e cultura",,,,,19.01
1982,Portugal,Produtos alimentares e bebidas não alcoólicas,,,,,24.83
1982,Portugal,Restaurantes e hotéis,,,,,22.31
1982,Portugal,Saúde,,,,,17.87
1982,Portugal,Total,,,,,21.48
1982,Portugal,Transportes,,,,,28.34
1982,Portugal,Vestuário e calçado,,,,,16.79
1983,Portugal,"Acessórios para o lar, equipamento doméstico e manutenção corrente da habitação",,,,,21.10
1983,Portugal,Bebidas alcoólicas e tabaco,,,,,8.07
1983,Portugal,Bens e serviços diversos,,,,,22.95
1983,Portugal,Comunicações,,,,,35.85
1983,Portugal,Educação,,,,,25.51
1983,Portugal,"Habitação, água, eletricidade, gás e outros combustíveis",,,,,19.89
1983,Portugal,"Lazer, recreação e cultura",,,,,21.30
1983,Portugal,Produtos alimentares e bebidas não alcoólicas,,,,,26.42
1983,Portugal,Restaurantes e hotéis,,,,,23.94
1983,Portugal,Saúde,,,,,24.73
1983,Portugal,Total,,,,,24.00
1983,Portugal,Transportes,,,,,32.39
1983,Portugal,Vestuário e calçado,,,,,19.47
1984,Portugal,"Acessórios para o lar, equipamento doméstico e manutenção corrente da habitação",,,,,29.92
1984,Portugal,Bebidas alcoólicas e tabaco,,,,,19.23
1984,Portugal,Bens e serviços diversos,,,,,22.89
1984,Portugal,Comunicações,,,,,21.49
1984,Portugal,Educação,,,,,28.62
1984,Portugal,"Habitação, água, eletricidade, gás e outros combustíveis",,,,,27.66
1984,Portugal,"Lazer, recreação e cultura",,,,,30.66
1984,Portugal,Produtos alimentares e bebidas não alcoólicas,,,,,32.10
1984,Portugal,Restaurantes e hotéis,,,,,24.96
1984,Portugal,Saúde,,,,,28.01
1984,Portugal,Total,,,,,28.48
1984,Portugal,Transportes,,,,,23.53
1984,Portugal,Vestuário e calçado,,,,,22.87
1985,Portugal,"Acessórios para o lar, equipamento doméstico e manutenção corrente da habitação",,,,,23.04
1985,Portugal,Bebidas alcoólicas e tabaco,,,,,22.94
1985,Portugal,Bens e serviços diversos,,,,,21.63
1985,Portugal,Comunicações,,,,,24.74
1985,Portugal,Educação,,,,,22.92
1985,Portugal,"Habitação, água, eletricidade, gás e outros combustíveis",,,,,17.37
1985,Portugal,"Lazer, recreação e cultura",,,,,19.52
1985,Portugal,Produtos alimentares e bebidas não alcoólicas,,,,,17.62
1985,Portugal,Restaurantes e hotéis,,,,,19.83
1985,Portugal,Saúde,,,,,20.19
1985,Portugal,Total,,,,,19.55
1985,Portugal,Transportes,,,,,22.49
1985,Portugal,Vestuário e calçado,,,,,23.62
1986,Portugal,"Acessórios para o lar, equipamento doméstico e manutenção corrente da habitação",,,,,14.17
1986,Portugal,Bebidas alcoólicas e tabaco,,,,,14.07
1986,Portugal,Bens e serviços diversos,,,,,21.03
1986,Portugal,Comunicações,,,,,9.15
1986,Portugal,Educação,,,,,21.58
1986,Portugal,"Habitação, água, eletricidade, gás e outros combustíveis",,,,,14.93
1986,Portugal,"Lazer, recreação e cultura",,,,,12.52
1986,Portugal,Produtos alimentares e bebidas não alcoólicas,,,,,8.48
1986,Portugal,Restaurantes e hotéis,,,,,15.41
1986,Portugal,Saúde,,,,,20.99
1986,Portugal,Total,,,,,12.56
1986,Portugal,Transportes,,,,,12.73
1986,Portugal,Vestuário e calçado,,,,,23.29
1987,Portugal,"Acessórios para o lar, equipamento doméstico e manutenção corrente da habitação",,,,,9.30
1987,Portugal,Bebidas alcoólicas e tabaco,,,,,10.80
1987,Portugal,Bens e serviços diversos,,,,,10.64
1987,Portugal,Comunicações,,,,,-2.30
1987,Portugal,Educação,,,,,15.61
1987,Portugal,"Habitação, água, eletricidade, gás e outros combustíveis",,,,,9.71
1987,Portugal,"Lazer, recreação e cultura",,,,,10.47
1987,Portugal,Produtos alimentares e bebidas não alcoólicas,,,,,8.58
1987,Portugal,Restaurantes e hotéis,,,,,11.78
1987,Portugal,Saúde,,,,,9.00
1987,Portugal,Total,,,,,9.75
1987,Portugal,Transportes,,,,,6.68
1987,Portugal,Vestuário e calçado,,,,,16.93
1988,Portugal,"Acessórios para o lar, equipamento doméstico e manutenção corrente da habitação",,,,,9.74
1988,Portugal,Bebidas alcoólicas e tabaco,,,,,16.40
1988,Portugal,Bens e serviços diversos,,,,,9.13
1988,Portugal,Comunicações,,,,,-1.27
1988,Portugal,Educação,,,,,8.83
1988,Portugal,"Habitação, água, eletricidade, gás e outros combustíveis",,,,,14.88
1988,Portugal,"Lazer, recreação e cultura",,,,,9.49
1988,Portugal,Produtos alimentares e bebidas não alcoólicas,,,,,7.62
1988,Portugal,Restaurantes e hotéis,,,,,12.62
1988,Portugal,Saúde,,,,,10.20
1988,Portugal,Total,,,,,9.95
1988,Portugal,Transportes,,,,,7.51
1988,Portugal,Vestuário e calçado,,,,,13.53
1989,Portugal,"Acessórios para o lar, equipamento doméstico e manutenção corrente da habitação",,,,,10.49
1989,Portugal,Bebidas alcoólicas e tabaco,,,,,37.21
1989,Portugal,Bens e serviços diversos,,,,,17.50
1989,Portugal,Comunicações,,,,,3.55
1989,Portugal,Educação,,,,,16.31
1989,Portugal,"Habitação, água, eletricidade, gás e outros combustíveis",,,,,13.90
1989,Portugal,"Lazer, recreação e cultura",,,,,6.76
1989,Portugal,Produtos alimentares e bebidas não alcoólicas,,,,,10.46
1989,Portugal,Restaurantes e hotéis,,,,,16.99
1989,Portugal,Saúde,,,,,11.98
1989,Portugal,Total,,,,,12.49
1989,Portugal,Transportes,,,,,9.29
1989,Portugal,Vestuário e calçado,,,,,10.51
1990,Portugal,"Acessórios para o lar, equipamento doméstico e manutenção corrente da habitação",,,,,9.63
1990,Portugal,Bebidas alcoólicas e tabaco,,,,,8.16
1990,Portugal,Bens e serviços diversos,,,,,23.60
1990,Portugal,Comunicações,,,,,8.07
1990,Portugal,Educação,,,,,15.70
1990,Portugal,"Habitação, água, eletricidade, gás e outros combustíveis",,,,,17.22
1990,Portugal,"Lazer, recreação e cultura",,,,,9.13
1990,Portugal,Produtos alimentares e bebidas não alcoólicas,,,,,14.05
1990,Portugal,Restaurantes e hotéis,,,,,15.18
1990,Portugal,Saúde,,,,,12.42
1990,Portugal,Total,,,,,13.59
1990,Portugal,Transportes,,,,,15.38
1990,Portugal,Vestuário e calçado,,,,,9.59
1991,Portugal,"Acessórios para o lar, equipamento doméstico e manutenção corrente da habitação",,,,,10.71
1991,Portugal,Bebidas alcoólicas e tabaco,,,,,7.30
1991,Portugal,Bens e serviços diversos,,,,,11.59
1991,Portugal,Comunicações,,,,,8.50
1991,Portugal,Educação,,,,,12.31
1991,Portugal,"Habitação, água, eletricidade, gás e outros combustíveis",,,,,22.01
1991,Portugal,"Lazer, recreação e cultura",,,,,9.07
1991,Portugal,Produtos alimentares e bebidas não alcoólicas,,,,,7.83
1991,Portugal,Restaurantes e hotéis,,,,,16.26
1991,Portugal,Saúde,,,,,14.33
1991,Portugal,Total,,,,,11.79
1991,Portugal,Transportes,,,,,11.93
1991,Portugal,Vestuário e calçado,,,,,11.93
1992,Portugal,"Acessórios para o lar, equipamento doméstico e manutenção corrente da habitação",,,,,9.41
1992,Portugal,Bebidas alcoólicas e tabaco,,,,,6.30
1992,Portugal,Bens e serviços diversos,,,,,13.46
1992,Portugal,Comunicações,,,,,7.96
1992,Portugal,Educação,,,,,18.38
1992,Portugal,"Habitação, água, eletricidade, gás e outros combustíveis",,,,,14.14
1992,Portugal,"Lazer, recreação e cultura",,,,,5.26
1992,Portugal,Produtos alimentares e bebidas não alcoólicas,,,,,6.04
1992,Portugal,Restaurantes e hotéis,,,,,12.06
1992,Portugal,Saúde,,,,,15.34
1992,Portugal,Total,,,,,9.56
1992,Portugal,Transportes,,,,,9.01
1992,Portugal,Vestuário e calçado,,,,,11.79
1993,Portugal,"Acessórios para o lar, equipamento doméstico e manutenção corrente da habitação",,,,,6.07
1993,Portugal,Bebidas alcoólicas e tabaco,,,,,6.80
1993,Portugal,Bens e serviços diversos,,,,,13.55
1993,Portugal,Comunicações,,,,,6.59
1993,Portugal,Educação,,,,,28.54
1993,Portugal,"Habitação, água, eletricidade, gás e outros combustíveis",,,,,9.14
1993,Portugal,"Lazer, recreação e cultura",,,,,9.53
1993,Portugal,Produtos alimentares e bebidas não alcoólicas,,,,,0.92
1993,Portugal,Restaurantes e hotéis,,,,,7.71
1993,Portugal,Saúde,,,,,12.58
1993,Portugal,Total,,,,,6.78
1993,Portugal,Transportes,,,,,10.59
1993,Portugal,Vestuário e calçado,,,,,6.97
1994,Portugal,"Acessórios para o lar, equipamento doméstico e manutenção corrente da habitação",,,,,2.51
1994,Portugal,Bebidas alcoólicas e tabaco,,,,,11.92
1994,Portugal,Bens e serviços diversos,,,,,10.03
1994,Portugal,Comunicações,,,,,2.80
1994,Portugal,Educação,,,,,17.96
1994,Portugal,"Habitação, água, eletricidade, gás e outros combustíveis",,,,,6.77
1994,Portugal,"Lazer, recreação e cultura",,,,,4.04
1994,Portugal,Produtos alimentares e bebidas não alcoólicas,,,,,3.69
1994,Portugal,Restaurantes e hotéis,,,,,5.45
1994,Portugal,Saúde,,,,,9.05
1994,Portugal,Total,,,,,5.42
1994,Portugal,Transportes,,,,,5.35
1994,Portugal,Vestuário e calçado,,,,,4.21
1995,Portugal,"Acessórios para o lar, equipamento doméstico e manutenção corrente da habitação",,,,,3.38
1995,Portugal,Bebidas alcoólicas e tabaco,,,,,7.51
1995,Portugal,Bens e serviços diversos,,,,,7.09
1995,Portugal,Comunicações,,,,,4.92
1995,Portugal,Educação,,,,,9.51
1995,Portugal,"Habitação, água, eletricidade, gás e outros combustíveis",,,,,4.38
1995,Portugal,"Lazer, recreação e cultura",,,,,4.90
1995,Portugal,Produtos alimentares e bebidas não alcoólicas,,,,,2.72
1995,Portugal,Restaurantes e hotéis,,,,,6.08
1995,Portugal,Saúde,,,,,6.19
1995,Portugal,Total,,,,,4.22
1995,Portugal,Transportes,,,,,4.35
1995,Portugal,Vestuário e calçado,,,,,2.04
1996,Portugal,"Acessórios para o lar, equipamento doméstico e manutenção corrente da habitação",,,,,3.00
1996,Portugal,Bebidas alcoólicas e tabaco,,,,,3.83
1996,Portugal,Bens e serviços diversos,,,,,5.85
1996,Portugal,Comunicações,,,,,5.17
1996,Portugal,Educação,,,,,-5.09
1996,Portugal,"Habitação, água, eletricidade, gás e outros combustíveis",,,,,2.71
1996,Portugal,"Lazer, recreação e cultura",,,,,5.46
1996,Portugal,Produtos alimentares e bebidas não alcoólicas,,,,,2.03
1996,Portugal,Restaurantes e hotéis,,,,,3.37
1996,Portugal,Saúde,,,,,4.64
1996,Portugal,Total,,,,,3.07
1996,Portugal,Transportes,,,,,4.04
1996,Portugal,Vestuário e calçado,,,,,1.71
1997,Portugal,"Acessórios para o lar, equipamento doméstico e manutenção corrente da habitação",,,,,1.71
1997,Portugal,Bebidas alcoólicas e tabaco,,,,,1.92
1997,Portugal,Bens e serviços diversos,,,,,5.17
1997,Portugal,Comunicações,,,,,2.56
1997,Portugal,Educação,,,,,10.06
1997,Portugal,"Habitação, água, eletricidade, gás e outros combustíveis",,,,,4.32
1997,Portugal,"Lazer, recreação e cultura",,,,,2.09
1997,Portugal,Produtos alimentares e bebidas não alcoólicas,,,,,0.15
1997,Portugal,Restaurantes e hotéis,,,,,2.26
1997,Portugal,Saúde,,,,,5.99
1997,Portugal,Total,,,,,2.34
1997,Portugal,Transportes,,,,,3.45
1997,Portugal,Vestuário e calçado,,,,,0.64
1998,Portugal,"Acessórios para o lar, equipamento doméstico e manutenção corrente da habitação",,,,,1.72
1998,Portugal,Bebidas alcoólicas e tabaco,,,,,4.35
1998,Portugal,Bens e serviços diversos,,,,,3.68
1998,Portugal,Comunicações,,,,,-3.47
1998,Portugal,Educação,,,,,19.14
1998,Portugal,"Habitação, água, eletricidade, gás e outros combustíveis",,,,,2.47
1998,Portugal,"Lazer, recreação e cultura",,,,,0.47
1998,Portugal,Produtos alimentares e bebidas não alcoólicas,,,,,3.74
1998,Portugal,Restaurantes e hotéis,,,,,2.79
1998,Portugal,Saúde,,,,,5.33
1998,Portugal,Total,,,,,2.57
1998,Portugal,Transportes,,,,,3.27
1998,Portugal,Vestuário e calçado,,,,,-5.32
1999,Portugal,"Acessórios para o lar, equipamento doméstico e manutenção corrente da habitação",,,,,2.18
1999,Portugal,Bebidas alcoólicas e tabaco,,,,,7.25
1999,Portugal,Bens e serviços diversos,,,,,3.82
1999,Portugal,Comunicações,,,,,-3.74
1999,Portugal,Educação,,,,,4.81
1999,Portugal,"Habitação, água, eletricidade, gás e outros combustíveis",,,,,0.84
1999,Portugal,"Lazer, recreação e cultura",,,,,0.70
1999,Portugal,Produtos alimentares e bebidas não alcoólicas,,,,,2.17
1999,Portugal,Restaurantes e hotéis,,,,,2.86
1999,Portugal,Saúde,,,,,4.20
1999,Portugal,Total,,,,,2.34
1999,Portugal,Transportes,,,,,2.88
1999,Portugal,Vestuário e calçado,,,,,0.45
2000,Portugal,"Acessórios para o lar, equipamento doméstico e manutenção corrente da habitação",,,,,1.95
2000,Portugal,Bebidas alcoólicas e tabaco,,,,,0.86
2000,Portugal,Bens e serviços diversos,,,,,4.20
2000,Portugal,Comunicações,,,,,-4.93
2000,Portugal,Educação,,,,,5.07
2000,Portugal,"Habitação, água, eletricidade, gás e outros combustíveis",,,,,3.72
2000,Portugal,"Lazer, recreação e cultura",,,,,0.88
2000,Portugal,Produtos alimentares e bebidas não alcoólicas,,,,,2.12
2000,Portugal,Restaurantes e hotéis,,,,,3.64
2000,Portugal,Saúde,,,,,3.08
2000,Portugal,Total,,,,,2.85
2000,Portugal,Transportes,,,,,4.85
2000,Portugal,Vestuário e calçado,,,,,0.82
2001,Portugal,"Acessórios para o lar, equipamento doméstico e manutenção corrente da habitação",,,,,3.25
2001,Portugal,Bebidas alcoólicas e tabaco,,,,,3.22
2001,Portugal,Bens e serviços diversos,,,,,5.36
2001,Portugal,Comunicações,,,,,-2.31
2001,Portugal,Educação,,,,,5.24
2001,Portugal,"Habitação, água, eletricidade, gás e outros combustíveis",,,,,3.91
2001,Portugal,"Lazer, recreação e cultura",,,,,2.23
2001,Portugal,Produtos alimentares e bebidas não alcoólicas,,,,,6.47
2001,Portugal,Restaurantes e hotéis,,,,,4.25
2001,Portugal,Saúde,,,,,3.65
2001,Portugal,Total,,,,,4.37
2001,Portugal,Transportes,,,,,4.85
2001,Portugal,Vestuário e calçado,,,,,1.56
2002,Portugal,"Acessórios para o lar, equipamento doméstico e manutenção corrente da habitação",,,,,3.07
2002,Portugal,Bebidas alcoólicas e tabaco,,,,,4.78
2002,Portugal,Bens e serviços diversos,,,,,5.64
2002,Portugal,Comunicações,,,,,0.72
2002,Portugal,Educação,,,,,6.11
2002,Portugal,"Habitação, água, eletricidade, gás e outros combustíveis",,,,,2.93
2002,Portugal,"Lazer, recreação e cultura",,,,,2.34
2002,Portugal,Produtos alimentares e bebidas não alcoólicas,,,,,1.53
2002,Portugal,Restaurantes e hotéis,,,,,5.68
2002,Portugal,Saúde,,,,,4.81
2002,Portugal,Total,,,,,3.60
2002,Portugal,Transportes,,,,,5.08
2002,Portugal,Vestuário e calçado,,,,,2.45
2003,Portugal,"Acessórios para o lar, equipamento doméstico e manutenção corrente da habitação",,,,,2.40
2003,Portugal,Bebidas alcoólicas e tabaco,,,,,4.76
2003,Portugal,Bens e serviços diversos,,,,,3.91
2003,Portugal,Comunicações,,,,,-1.19
2003,Portugal,Educação,,,,,6.75
2003,Portugal,"Habitação, água, eletricidade, gás e outros combustíveis",,,,,4.17
2003,Portugal,"Lazer, recreação e cultura",,,,,1.37
2003,Portugal,Produtos alimentares e bebidas não alcoólicas,,,,,2.31
2003,Portugal,Restaurantes e hotéis,,,,,5.58
2003,Portugal,Saúde,,,,,2.35
2003,Portugal,Total,,,,,3.22
2003,Portugal,Transportes,,,,,4.37
2003,Portugal,Vestuário e calçado,,,,,1.18
2004,Portugal,"Acessórios para o lar, equipamento doméstico e manutenção corrente da habitação",,,,,1.55
2004,Portugal,Bebidas alcoólicas e tabaco,,,,,3.03
2004,Portugal,Bens e serviços diversos,,,,,2.60
2004,Portugal,Comunicações,,,,,-1.06
2004,Portugal,Educação,,,,,9.36
2004,Portugal,"Habitação, água, eletricidade, gás e outros combustíveis",,,,,2.99
2004,Portugal,"Lazer, recreação e cultura",,,,,2.84
2004,Portugal,Produtos alimentares e bebidas não alcoólicas,,,,,1.12
2004,Portugal,Restaurantes e hotéis,,,,,4.59
2004,Portugal,Saúde,,,,,1.71
2004,Portugal,Total,,,,,2.37
2004,Portugal,Transportes,,,,,3.53
2004,Portugal,Vestuário e calçado,,,,,-1.11
2005,Portugal,"Acessórios para o lar, equipamento doméstico e manutenção corrente da habitação",,,,,1.29
2005,Portugal,Bebidas alcoólicas e tabaco,,,,,4.75
2005,Portugal,Bens e serviços diversos,,,,,2.19
2005,Portugal,Comunicações,,,,,-0.16
2005,Portugal,Educação,,,,,6.99
2005,Portugal,"Habitação, água, eletricidade, gás e outros combustíveis",,,,,4.37
2005,Portugal,"Lazer, recreação e cultura",,,,,1.59
2005,Portugal,Produtos alimentares e bebidas não alcoólicas,,,,,-0.57
2005,Portugal,Restaurantes e hotéis,,,,,2.36
2005,Portugal,Saúde,,,,,0.85
2005,Portugal,Total,,,,,2.28
2005,Portugal,Transportes,,,,,5.78
2005,Portugal,Vestuário e calçado,,,,,-1.14
2006,Portugal,"Acessórios para o lar, equipamento doméstico e manutenção corrente da habitação",,,,,0.99
2006,Portugal,Bebidas alcoólicas e tabaco,,,,,9.70
2006,Portugal,Bens e serviços diversos,,,,,3.26
2006,Portugal,Comunicações,,,,,-0.94
2006,Portugal,Educação,,,,,5.23
2006,Portugal,"Habitação, água, eletricidade, gás e outros combustíveis",,,,,3.86
2006,Portugal,"Lazer, recreação e cultura",,,,,1.17
2006,Portugal,Produtos alimentares e bebidas não alcoólicas,,,,,2.69
2006,Portugal,Restaurantes e hotéis,,,,,2.28
2006,Portugal,Saúde,,,,,1.52
2006,Portugal,Total,,,,,3.11
2006,Portugal,Transportes,,,,,5.48
2006,Portugal,Vestuário e calçado,,,,,0.54
2007,Portugal,"Acessórios para o lar, equipamento doméstico e manutenção corrente da habitação",,,,,1.57
2007,Portugal,Bebidas alcoólicas e tabaco,,,,,4.86
2007,Portugal,Bens e serviços diversos,,,,,2.39
2007,Portugal,Comunicações,,,,,-1.76
2007,Portugal,Educação,,,,,3.75
2007,Portugal,"Habitação, água, eletricidade, gás e outros combustíveis",,,,,3.64
2007,Portugal,"Lazer, recreação e cultura",,,,,0.36
2007,Portugal,Produtos alimentares e bebidas não alcoólicas,,,,,2.45
2007,Portugal,Restaurantes e hotéis,,,,,2.57
2007,Portugal,Saúde,,,,,7.43
2007,Portugal,Total,,,,,2.45
2007,Portugal,Transportes,,,,,1.55
2007,Portugal,Vestuário e calçado,,,,,2.21
2008,Portugal,"Acessórios para o lar, equipamento doméstico e manutenção corrente da habitação",,,,,1.67
2008,Portugal,Bebidas alcoólicas e tabaco,,,,,7.55
2008,Portugal,Bens e serviços diversos,,,,,2.56
2008,Portugal,Comunicações,,,,,-2.07
2008,Portugal,Educação,,,,,4.16
2008,Portugal,"Habitação, água, eletricidade, gás e outros combustíveis",,,,,3.95
2008,Portugal,"Lazer, recreação e cultura",,,,,0.57
2008,Portugal,Produtos alimentares e bebidas não alcoólicas,,,,,3.72
2008,Portugal,Restaurantes e hotéis,,,,,3.72
2008,Portugal,Saúde,,,,,1.36
2008,Portugal,Total,,,,,2.59
2008,Portugal,Transportes,,,,,1.46
2008,Portugal,Vestuário e calçado,,,,,1.61
2009,Portugal,"Acessórios para o lar, equipamento doméstico e manutenção corrente da habitação",,,,,1.71
2009,Portugal,Bebidas alcoólicas e tabaco,,,,,3.32
2009,Portugal,Bens e serviços diversos,,,,,1.87
2009,Portugal,Comunicações,,,,,-1.04
2009,Portugal,Educação,,,,,3.46
2009,Portugal,"Habitação, água, eletricidade, gás e outros combustíveis",,,,,2.06
2009,Portugal,"Lazer, recreação e cultura",,,,,-1.59
2009,Portugal,Produtos alimentares e bebidas não alcoólicas,,,,,-3.44
2009,Portugal,Restaurantes e hotéis,,,,,2.37
2009,Portugal,Saúde,,,,,-1.45
2009,Portugal,Total,,,,,-0.84
2009,Portugal,Transportes,,,,,-3.62
2009,Portugal,Vestuário e calçado,,,,,-1.66
2010,Portugal,"Acessórios para o lar, equipamento doméstico e manutenção corrente da habitação",,,,,1.60
2010,Portugal,Bebidas alcoólicas e tabaco,,,,,4.40
2010,Portugal,Bens e serviços diversos,,,,,0.53
2010,Portugal,Comunicações,,,,,-1.94
2010,Portugal,Educação,,,,,2.77
2010,Portugal,"Habitação, água, eletricidade, gás e outros combustíveis",,,,,4.43
2010,Portugal,"Lazer, recreação e cultura",,,,,-0.19
2010,Portugal,Produtos alimentares e bebidas não alcoólicas,,,,,-0.24
2010,Portugal,Restaurantes e hotéis,,,,,1.23
2010,Portugal,Saúde,,,,,-1.35
2010,Portugal,Total,,,,,1.40
2010,Portugal,Transportes,,,,,4.55
2010,Portugal,Vestuário e calçado,,,,,-1.66
2011,Portugal,"Acessórios para o lar, equipamento doméstico e manutenção corrente da habitação",,,,,1.17
2011,Portugal,Bebidas alcoólicas e tabaco,,,,,7.94
2011,Portugal,Bens e serviços diversos,,,,,1.79
2011,Portugal,Comunicações,,,,,2.99
2011,Portugal,Educação,,,,,2.05
2011,Portugal,"Habitação, água, eletricidade, gás e outros combustíveis",,,,,6.66
2011,Portugal,"Lazer, recreação e cultura",,,,,0.96
2011,Portugal,Produtos alimentares e bebidas não alcoólicas,,,,,2.10
2011,Portugal,Restaurantes e hotéis,,,,,1.41
2011,Portugal,Saúde,,,,,4.46
2011,Portugal,Total,,,,,3.65
2011,Portugal,Transportes,,,,,8.90
2011,Portugal,Vestuário e calçado,,,,,-3.93
2012,Portugal,"Acessórios para o lar, equipamento doméstico e manutenção corrente da habitação",,,,,-0.47
2012,Portugal,Bebidas alcoólicas e tabaco,,,,,4.74
2012,Portugal,Bens e serviços diversos,,,,,1.11
2012,Portugal,Comunicações,,,,,0.46
2012,Portugal,Educação,,,,,1.50
2012,Portugal,"Habitação, água, eletricidade, gás e outros combustíveis",,,,,8.72
2012,Portugal,"Lazer, recreação e cultura",,,,,0.91
2012,Portugal,Produtos alimentares e bebidas não alcoólicas,,,,,3.20
2012,Portugal,Restaurantes e hotéis,,,,,4.47
2012,Portugal,Saúde,,,,,0.36
2012,Portugal,Total,,,,,2.77
2012,Portugal,Transportes,,,,,3.27
2012,Portugal,Vestuário e calçado,,,,,-5.24
2013,Portugal,"Acessórios para o lar, equipamento doméstico e manutenção corrente da habitação",,,,,-0.51
2013,Portugal,Bebidas alcoólicas e tabaco,,,,,4.05
2013,Portugal,Bens e serviços diversos,,,,,-0.61
2013,Portugal,Comunicações,,,,,0.45
2013,Portugal,Educação,,,,,1.18
2013,Portugal,"Habitação, água, eletricidade, gás e outros combustíveis",,,,,2.15
2013,Portugal,"Lazer, recreação e cultura",,,,,0.41
2013,Portugal,Produtos alimentares e bebidas não alcoólicas,,,,,1.94
2013,Portugal,Restaurantes e hotéis,,,,,1.65
2013,Portugal,Saúde,,,,,1.49
2013,Portugal,Total,,,,,0.27
2013,Portugal,Transportes,,,,,-2.32
2013,Portugal,Vestuário e calçado,,,,,-3.31
2014,Portugal,"Acessórios para o lar, equipamento doméstico e manutenção corrente da habitação",,,,,-0.38
2014,Portugal,Bebidas alcoólicas e tabaco,,,,,3.09
2014,Portugal,Bens e serviços diversos,,,,,-0.46
2014,Portugal,Comunicações,,,,,1.10
2014,Portugal,Educação,,,,,0.43
2014,Portugal,"Habitação, água, eletricidade, gás e outros combustíveis",,,,,2.22
2014,Portugal,"Lazer, recreação e cultura",,,,,-1.49
2014,Portugal,Produtos alimentares e bebidas não alcoólicas,,,,,-1.34
2014,Portugal,Restaurantes e hotéis,,,,,0.97
2014,Portugal,Saúde,,,,,0.66
2014,Portugal,Total,,,,,-0.28
2014,Portugal,Transportes,,,,,-1.20
2014,Portugal,Vestuário e calçado,,,,,-2.11
2015,Portugal,"Acessórios para o lar, equipamento doméstico e manutenção corrente da habitação",,,,,0.67
2015,Portugal,Bebidas alcoólicas e tabaco,,,,,4.09
2015,Portugal,Bens e serviços diversos,,,,,0.42
2015,Portugal,Comunicações,,,,,4.12
2015,Portugal,Educação,,,,,0.65
2015,Portugal,"Habitação, água, eletricidade, gás e outros combustíveis",,,,,0.23
2015,Portugal,"Lazer, recreação e cultura",,,,,-0.63
2015,Portugal,Produtos alimentares e bebidas não alcoólicas,,,,,1.01
2015,Portugal,Restaurantes e hotéis,,,,,1.31
2015,Portugal,Saúde,,,,,0.41
2015,Portugal,Total,,,,,0.49
2015,Portugal,Transportes,,,,,-0.99
2015,Portugal,Vestuário e calçado,,,,,-2.02
2016,Portugal,"Acessórios para o lar, equipamento doméstico e manutenção corrente da habitação",,,,,0.43
2016,Portugal,Bebidas alcoólicas e tabaco,,,,,2.61
2016,Portugal,Bens e serviços diversos,,,,,0.60
2016,Portugal,Comunicações,,,,,3.17
2016,Portugal,Educação,,,,,0.89
2016,Portugal,"Habitação, água, eletricidade, gás e outros combustíveis",,,,,0.39
2016,Portugal,"Lazer, recreação e cultura",,,,,1.02
2016,Portugal,Produtos alimentares e bebidas não alcoólicas,,,,,0.49
2016,Portugal,Restaurantes e hotéis,,,,,2.21
2016,Portugal,Saúde,,,,,-0.61
2016,Portugal,Total,,,,,0.61
2016,Portugal,Transportes,,,,,-0.56
2016,Portugal,Vestuário e calçado,,,,,-0.39
2017,Portugal,"Acessórios para o lar, equipamento doméstico e manutenção corrente da habitação",,,,,-0.45
2017,Portugal,Bebidas alcoólicas e tabaco,,,,,2.57
2017,Portugal,Bens e serviços diversos,,,,,0.83
2017,Portugal,Comunicações,,,,,2.60
2017,Portugal,Educação,,,,,0.95
2017,Portugal,"Habitação, água, eletricidade, gás e outros combustíveis",,,,,0.59
2017,Portugal,"Lazer, recreação e cultura",,,,,1.42
2017,Portugal,Produtos alimentares e bebidas não alcoólicas,,,,,1.53
2017,Portugal,Restaurantes e hotéis,,,,,3.73
2017,Portugal,Saúde,,,,,0.44
2017,Portugal,Total,,,,,1.37
2017,Portugal,Transportes,,,,,3.06
2017,Portugal,Vestuário e calçado,,,,,-2.39
2018,Portugal,"Acessórios para o lar, equipamento doméstico e manutenção corrente da habitação",,,,,-0.41
2018,Portugal,Bebidas alcoólicas e tabaco,,,,,2.26
2018,Portugal,Bens e serviços diversos,,,,,0.83
2018,Portugal,Comunicações,,,,,0.43
2018,Portugal,Educação,,,,,1.22
2018,Portugal,"Habitação, água, eletricidade, gás e outros combustíveis",,,,,2.19
2018,Portugal,"Lazer, recreação e cultura",,,,,-0.12
2018,Portugal,Produtos alimentares e bebidas não alcoólicas,,,,,0.74
2018,Portugal,Restaurantes e hotéis,,,,,2.12
2018,Portugal,Saúde,,,,,1.07
2018,Portugal,Total,,,,,0.99
2018,Portugal,Transportes,,,,,3.06
2018,Portugal,Vestuário e calçado,,,,,-3.47
2019,Portugal,"Acessórios para o lar, equipamento doméstico e manutenção corrente da habitação",,,,,-0.28
2019,Portugal,Bebidas alcoólicas e tabaco,,,,,2.01
2019,Portugal,Bens e serviços diversos,,,,,1.56
2019,Portugal,Comunicações,,,,,-2.59
2019,Portugal,Educação,,,,,0.93
2019,Portugal,"Habitação, água, eletricidade, gás e outros combustíveis",,,,,0.29
2019,Portugal,"Lazer, recreação e cultura",,,,,-0.02
2019,Portugal,Produtos alimentares e bebidas não alcoólicas,,,,,0.32
2019,Portugal,Restaurantes e hotéis,,,,,0.97
2019,Portugal,Saúde,,,,,0.82
2019,Portugal,Total,,,,,0.34
2019,Portugal,Transportes,,,,,1.14
2019,Portugal,Vestuário e calçado,,,,,-3.00
2020,Portugal,"Acessórios para o lar, equipamento doméstico e manutenção corrente da habitação",,,,,-0.65
2020,Portugal,Bebidas alcoólicas e tabaco,,,,,0.52
2020,Portugal,Bens e serviços diversos,,,,,1.25
2020,Portugal,Comunicações,,,,,-2.21
2020,Portugal,Educação,,,,,-0.86
2020,Portugal,"Habitação, água, eletricidade, gás e outros combustíveis",,,,,0.07
2020,Portugal,"Lazer, recreação e cultura",,,,,-1.92
2020,Portugal,Produtos alimentares e bebidas não alcoólicas,,,,,2.09
2020,Portugal,Restaurantes e hotéis,,,,,1.65
2020,Portugal,Saúde,,,,,1.14
2020,Portugal,Total,,,,,-0.01
2020,Portugal,Transportes,,,,,-2.08
2020,Portugal,Vestuário e calçado,,,,,-3.40
2021,Portugal,"Acessórios para o lar, equipamento doméstico e manutenção corrente da habitação",,,,,-0.05
2021,Portugal,Bebidas alcoólicas e tabaco,,,,,0.93
2021,Portugal,Bens e serviços diversos,,,,,1.26
2021,Portugal,Comunicações,,,,,0.30
2021,Portugal,Educação,,,,,-0.84
2021,Portugal,"Habitação, água, eletricidade, gás e outros combustíveis",,,,,1.64
2021,Portugal,"Lazer, recreação e cultura",,,,,0.96
2021,Portugal,Produtos alimentares e bebidas não alcoólicas,,,,,0.74
2021,Portugal,Restaurantes e hotéis,,,,,-0.83
2021,Portugal,Saúde,,,,,2.12
2021,Portugal,Total,,,,,1.27
2021,Portugal,Transportes,,,,,4.40
2021,Portugal,Vestuário e calçado,,,,,-0.18
2022,Portugal,"Acessórios para o lar, equipamento doméstico e manutenção corrente da habitação",,,,,9.19
2022,Portugal,Bebidas alcoólicas e tabaco,,,,,2.58
2022,Portugal,Bens e serviços diversos,,,,,2.33
2022,Portugal,Comunicações,,,,,1.88
2022,Portugal,Educação,,,,,1.62
2022,Portugal,"Habitação, água, eletricidade, gás e outros combustíveis",,,,,12.84
2022,Portugal,"Lazer, recreação e cultura",,,,,3.92
2022,Portugal,Produtos alimentares e bebidas não alcoólicas,,,,,12.99
2022,Portugal,Restaurantes e hotéis,,,,,11.67
2022,Portugal,Saúde,,,,,-1.36
2022,Portugal,Total,,,,,7.83
2022,Portugal,Transportes,,,,,10.00
2022,Portugal,Vestuário e calçado,,,,,0.77
2023,Portugal,"Acessórios para o lar, equipamento doméstico e manutenção corrente da habitação",,,,,5.64
2023,Portugal,Bebidas alcoólicas e tabaco,,,,,4.00
2023,Portugal,Bens e serviços diversos,,,,,1.89
2023,Portugal,Comunicações,,,,,3.79
2023,Portugal,Educação,,,,,3.05
2023,Portugal,"Habitação, água, eletricidade, gás e outros combustíveis",,,,,-1.02
2023,Portugal,"Lazer, recreação e cultura",,,,,3.97
2023,Portugal,Produtos alimentares e bebidas não alcoólicas,,,,,10.04
2023,Portugal,Restaurantes e hotéis,,,,,9.44
2023,Portugal,Saúde,,,,,2.42
2023,Portugal,Total,,,,,4.31
2023,Portugal,Transportes,,,,,0.27
2023,Portugal,Vestuário e calçado,,,,,0.78
2024,Portugal,"Acessórios para o lar, equipamento doméstico e manutenção corrente da habitação",,,,,-1.59
2024,Portugal,Bebidas alcoólicas e tabaco,,,,,2.99
2024,Portugal,Bens e serviços diversos,,,,,1.24
2024,Portugal,Comunicações,,,,,5.93
2024,Portugal,Educação,,,,,3.74
2024,Portugal,"Habitação, água, eletricidade, gás e outros combustíveis",,,,,6.55
2024,Portugal,"Lazer, recreação e cultura",,,,,1.23
2024,Portugal,Produtos alimentares e bebidas não alcoólicas,,,,,2.35
2024,Portugal,Restaurantes e hotéis,,,,,4.79
2024,Portugal,Saúde,,,,,3.59
2024,Portugal,Total,,,,,2.42
2024,Portugal,Transportes,,,,,1.34
2024,Portugal,Vestuário e calçado,,,,,-1.22
,,,,,,,
,Indicador: Taxa de inflação (%) por bens e serviços (Portugal),,,,,,
,Ultima atualização: 15.01.2025,,,,,,
,Fonte: Base de dados do INE - Instituto Nacional de Estatística,,,,,,
